"File","LineNumber","Original","Approved","Replacement"
"CLI\ConfigurationMenu.ps1","46","        Write-Host ""âœ”ï¸ Cached metadata refreshed.""","True","Write-Log -Message ""Cached metadata refreshed."" -Level 'INFO'"
"CLI\ConfigurationMenu.ps1","100","        Write-Host ""Invalid option."""" -ForegroundColor Yellow","True","Write-Log -Message ""Invalid option."""" -Level 'WARN'"
"CLI\Show-ActionHistory.ps1","20","    Write-Host ""• $_"" -ForegroundColor Gray","False",""
"CLI\Show-ActionHistory.ps1","23","  Write-Host ""╚════════════════════════════════════╝`n"" -ForegroundColor DarkGray","False",""
"Configuration\Create-ConfigBackup.ps1","19","            Write-Warning ""⚠️ Skipping missing path: $p""","True","Write-Log -Message ""Skipping missing path: $p"" -Level 'WARN'"
"Configuration\Create-ConfigBackup.ps1","30","        Write-Warning ""❌ No valid content found to back up. Backup aborted.""","True","Write-Log -Message ""No valid content found to back up. Backup aborted."" -Level 'WARN'"
"Configuration\Enable-PlacesFeatures.ps1","3","    Write-Host ""✔️ Enabling Microsoft Places features...""","True","Write-Log -Message ""Enabling Microsoft Places features..."" -Level 'INFO'"
"Configuration\Enable-PlacesFeatures.ps1","5","    Write-Host ""✅ Microsoft Places enabled.""","True","Write-Log -Message ""Microsoft Places enabled."" -Level 'INFO'"
"Configuration\Restore-ConfigBackup.ps1","8","        Write-Warning ""âŒ No backup archives found in .\Backups""","False",""
"Configuration\Restore-ConfigBackup.ps1","16","        Write-Warning ""âš ï¸ Out-GridView unavailable. Using most recent backup: $($file.Name)""","False",""
"Configuration\Restore-ConfigBackup.ps1","49","        Write-Warning ""`nâŒ The following required files were missing from the archive:""","False",""
"Configuration\Restore-ConfigBackup.ps1","60","            Write-Warning ""âŒ Invalid JSON in $filePath""","False",""
"Configuration\Restore-ConfigBackup.ps1","71","    Write-Host ""  Desks:      $($desks.Count)""","False",""
"Configuration\Restore-ConfigBackup.ps1","72","    Write-Host ""  Desk Pools: $($pools.Count)""","False",""
"Configuration\Restore-ConfigBackup.ps1","73","    Write-Host ""  Sites:      $($sites.Count)""","False",""
"Configuration\Restore-ConfigBackup.ps1","74","    Write-Host ""  Buildings:  $($buildings.Count)""","False",""
"Configuration\Restore-ConfigBackup.ps1","85","        Write-Warning ""âŒ Restore cancelled by user.""","False",""
"Configuration\Restore-ConfigBackup.ps1","98","        Write-Warning ""âš ï¸ Could not delete temp folder: $restoreFolder""","False",""
"Configuration\Run-FirstTimeSetup.ps1","6","    Write-Warning ""âš ï¸ Skipping resource sync: unable to authenticate with Exchange Online.""","True","Write-Log -Message ""Skipping resource sync: unable to authenticate with Exchange Online."" -Level 'WARN'"
"Configuration\Run-FirstTimeSetup.ps1","13","    Write-Host ""Ã°Å¸â€Â§ Collecting tenant domain info...""","True","Write-Log -Message ""Collecting tenant domain info..."" -Level 'INFO'"
"Configuration\Run-FirstTimeSetup.ps1","16","    Write-Host ""Detected default domain: $defaultDomain""","True","Write-Log -Message ""Detected default domain: $defaultDomain"" -Level 'INFO'"
"Configuration\Validate-ExchangeSetup.ps1","6","    Write-Warning ""âš ï¸ Skipping resource sync: unable to authenticate with Exchange Online.""","True","Write-Log -Message ""Skipping resource sync: unable to authenticate with Exchange Online."" -Level 'WARN'"
"Configuration\Validate-ExchangeSetup.ps1","18","            Write-Warning ""$($r.Alias): No Place metadata""","True","Write-Log -Message ""r.Alias): No Place metadata"" -Level 'WARN'"
"Configuration\Validate-ExchangeSetup.ps1","21","            Write-Warning ""$($r.Alias): Hidden from GAL""","True","Write-Log -Message ""r.Alias): Hidden from GAL"" -Level 'WARN'"
"Configuration\Validate-ExchangeSetup.ps1","25","    Write-Host ""Ã¢Å“â€Ã¯Â¸Â Exchange resource validation completed""","True","Write-Log -Message ""Exchange resource validation completed"" -Level 'INFO'"
"Configuration\Validate-PlacesFeatures.ps1","7","        Write-Host ""✅ Places feature is ENABLED.""","True","Write-Log -Message ""Places feature is ENABLED."" -Level 'INFO'"
"Configuration\Validate-PlacesFeatures.ps1","9","        Write-Warning ""❌ Places feature is DISABLED.""","True","Write-Log -Message ""Places feature is DISABLED."" -Level 'WARN'"
"Configuration\Validate-PlacesFeatures.ps1","14","        Write-Host ""✅ Places App is pinned in Teams.""","True","Write-Log -Message ""Places App is pinned in Teams."" -Level 'INFO'"
"Configuration\Validate-PlacesFeatures.ps1","16","        Write-Warning ""⚠️ Places App is not pinned.""","True","Write-Log -Message ""Places App is not pinned."" -Level 'WARN'"
"EnvironmentSetup\Ensure-CalendarProcessingSettings.ps1","6","    Write-Warning ""âš ï¸ Skipping resource sync: unable to authenticate with Exchange Online.""","True","Write-Log -Message ""Skipping resource sync: unable to authenticate with Exchange Online."" -Level 'WARN'"
"EnvironmentSetup\Ensure-CalendarProcessingSettings.ps1","19","            Write-Warning ""$($r.DisplayName): not set to AutoAccept""","True","Write-Log -Message ""r.DisplayName): not set to AutoAccept"" -Level 'WARN'"
"EnvironmentSetup\Ensure-CalendarProcessingSettings.ps1","28","    Write-Host ""Ã¢Å“â€Ã¯Â¸Â Calendar processing settings validated""","True","Write-Log -Message ""Calendar processing settings validated"" -Level 'INFO'"
"EnvironmentSetup\Pin-PlacesAppInTeams.ps1","6","    Write-Warning ""âš ï¸ Skipping resource sync: unable to authenticate with Exchange Online.""","True","Write-Log -Message ""Skipping resource sync: unable to authenticate with Exchange Online."" -Level 'WARN'"
"EnvironmentSetup\Pin-PlacesAppInTeams.ps1","17","        Write-Host ""Ã¢Å“â€¦ Places app already pinned.""","True","Write-Log -Message ""Places app already pinned."" -Level 'INFO'"
"EnvironmentSetup\Pin-PlacesAppInTeams.ps1","21","        Write-Host ""Ã¢Å“â€Ã¯Â¸Â Pinned Places app in Teams setup policy.""","True","Write-Log -Message ""Pinned Places app in Teams setup policy."" -Level 'INFO'"
"EnvironmentSetup\Update-MailboxTypes.ps1","6","    Write-Warning ""âš ï¸ Skipping resource sync: unable to authenticate with Exchange Online.""","True","Write-Log -Message ""Skipping resource sync: unable to authenticate with Exchange Online."" -Level 'WARN'"
"EnvironmentSetup\Update-MailboxTypes.ps1","30","            Write-Host ""$alias Ã¢â€ â€™ Suggested Type: $suggestedType (Current: $type)""","True","Write-Log -Message ""alias Ã¢â€ â€™ Suggested Type: $suggestedType (Current: $type)"" -Level 'INFO'"
"EnvironmentSetup\Update-MailboxTypes.ps1","34","                Write-Host ""Ã¢Å“â€Ã¯Â¸Â Updated $alias to $suggestedType""","True","Write-Log -Message ""Updated $alias to $suggestedType"" -Level 'INFO'"
"OrphanFixer\Detect-NonStandardResources.ps1","9","            Write-Warning ""❌ $($desk.DisplayName) does not match naming convention""","True","Write-Log -Message ""desk.DisplayName) does not match naming convention"" -Level 'WARN'"
"OrphanFixer\Find-OrphanedResources.ps1","20","        Write-Host ""🟡 DeskId: $($_.DeskId) – Missing ExchangeObjectId""","True","Write-Log -Message ""DeskId: $($_.DeskId) – Missing ExchangeObjectId"" -Level 'INFO'"
"OrphanFixer\Find-OrphanedResources.ps1","25","        Write-Host ""🟡 $($_.Alias) – $($_.DisplayName)""","True","Write-Log -Message ""Alias) – $($_.DisplayName)"" -Level 'INFO'"
"OrphanFixer\Fix-OrphanedResources.ps1","13","        Write-Host ""✅ No orphaned mailboxes to fix.""","True","Write-Log -Message ""No orphaned mailboxes to fix."" -Level 'INFO'"
"OrphanFixer\Fix-OrphanedResources.ps1","38","        Write-Host ""✔️ Added new desk to metadata: $deskId""","True","Write-Log -Message ""Added new desk to metadata: $deskId"" -Level 'INFO'"
"OrphanFixer\Suggest-RenameResource.ps1","15","                Write-Host ""✔️ Renamed.""","True","Write-Log -Message ""Renamed."" -Level 'INFO'"
"OrphanFixer\Validate-DeskPoolMappings.ps1","12","                Write-Warning ""❌ Pool [$($pool.PoolName)] references non-existent desk: $memberId""","True","Write-Log -Message ""Pool [$($pool.PoolName)] references non-existent desk: $memberId"" -Level 'WARN'"
"OrphanFixer\Validate-DeskPoolMappings.ps1","17","    Write-Host ""✅ Desk pool mapping validation complete.""","True","Write-Log -Message ""Desk pool mapping validation complete."" -Level 'INFO'"
"Shared\Connect-ExchangeAdmin.ps1","16","            Write-Host ""🔐 Already connected as: $upnString"" -ForegroundColor Green","True","Write-Log -Message ""Already connected as: $upnString"" -Level 'INFO'"
"Shared\Connect-ExchangeAdmin.ps1","34","        Write-Host ""🔐 Connected as: $upn"" -ForegroundColor Green","True","Write-Log -Message ""Connected as: $upn"" -Level 'INFO'"
"Shared\Connect-ExchangeAdmin.ps1","39","        Write-Warning ""❌ Exchange connection failed: $($_.Exception.Message)""","True","Write-Log -Message ""Exchange connection failed: $($_.Exception.Message)"" -Level 'WARN'"
"Shared\Connect-Graph.ps1","11","            Write-Host ""🔐 Already connected to Microsoft Graph as: $($ctx.Account)"" -ForegroundColor Green","True","Write-Log -Message ""Already connected to Microsoft Graph as: $($ctx.Account)"" -Level 'INFO'"
"Shared\Connect-Graph.ps1","23","        Write-Host ""🔐 Connected to Microsoft Graph as: $($ctx.Account)"" -ForegroundColor Green","True","Write-Log -Message ""Connected to Microsoft Graph as: $($ctx.Account)"" -Level 'INFO'"
"Shared\Connect-Graph.ps1","27","        Write-Warning ""❌ Microsoft Graph connection failed: $($_.Exception.Message)""","True","Write-Log -Message ""Microsoft Graph connection failed: $($_.Exception.Message)"" -Level 'WARN'"
"Shared\Connect-Teams.ps1","10","        Write-Host ""🔐 Already connected to Microsoft Teams."" -ForegroundColor Green","True","Write-Log -Message ""Already connected to Microsoft Teams."" -Level 'INFO'"
"Shared\Connect-Teams.ps1","20","        Write-Host ""🔐 Connected to Microsoft Teams."" -ForegroundColor Green","True","Write-Log -Message ""Connected to Microsoft Teams."" -Level 'INFO'"
"Shared\Connect-Teams.ps1","24","        Write-Warning ""❌ Microsoft Teams connection failed: $($_.Exception.Message)""","True","Write-Log -Message ""Microsoft Teams connection failed: $($_.Exception.Message)"" -Level 'WARN'"
"Shared\Write-Log.ps1","43","    Write-Host ""$prefix $line"" -ForegroundColor $color","False",""
"SiteManagement\CachedResources\Refresh-CachedResources.ps1","26","    Write-Warning ""⚠️ Skipping resource sync: unable to authenticate with Exchange Online.""","True","Write-Log -Message ""Skipping resource sync: unable to authenticate with Exchange Online."" -Level 'WARN'"
"SiteManagement\CachedResources\Refresh-CachedResources.ps1","41","            Write-Host ""🕒 Metadata was last refreshed $([int]$minutesOld) minutes ago."" -ForegroundColor Yellow","True","Write-Log -Message ""Metadata was last refreshed $([int]$minutesOld) minutes ago."" -Level 'WARN'"
"SiteManagement\CachedResources\Refresh-CachedResources.ps1","44","                Write-Host ""⏭️ Skipping metadata refresh."" -ForegroundColor Yellow","True","Write-Log -Message ""Skipping metadata refresh."" -Level 'WARN'"
"SiteManagement\CachedResources\Refresh-CachedResources.ps1","51","        Write-Warning ""⚠️ Failed to evaluate metadata freshness — proceeding with sync.""","True","Write-Log -Message ""Failed to evaluate metadata freshness — proceeding with sync."" -Level 'WARN'"
"SiteManagement\CachedResources\Refresh-CachedResources.ps1","129","    Write-Warning ""❌ Sync failed: $($_.Exception.Message)""","True","Write-Log -Message ""Sync failed: $($_.Exception.Message)"" -Level 'WARN'"
"SiteManagement\Import-SiteStructureFromCSV.ps1","7","        Write-Warning ""No export folder found.""","True","Write-Log -Message ""No export folder found."" -Level 'WARN'"
"SiteManagement\Import-SiteStructureFromCSV.ps1","19","            Write-Host ""✅ Imported Sites""","True","Write-Log -Message ""Imported Sites"" -Level 'INFO'"
"SiteManagement\Import-SiteStructureFromCSV.ps1","48","            Write-Host ""✅ Imported Buildings and Floors""","True","Write-Log -Message ""Imported Buildings and Floors"" -Level 'INFO'"
"SiteManagement\Import-SiteStructureFromCSV.ps1","52","            Write-Warning ""❌ Unsupported template format""","True","Write-Log -Message ""Unsupported template format"" -Level 'WARN'"
"SiteManagement\List-SiteStructure.ps1","13","            Write-Host ""  🏢 Building: $($b.BuildingCode) - $($b.BuildingName)"" -ForegroundColor Yellow","False",""
"SiteManagement\List-SiteStructure.ps1","15","                Write-Host ""    ▸ Floor $($floor.FloorNumber): $($floor.FloorName)"" -ForegroundColor Gray","False",""
"SiteManagement\Sync-MetadataToCloud.ps1","5","    Write-Warning ""`n🛠 This feature is not yet implemented.""","True","Write-Log -Message ""n🛠 This feature is not yet implemented."" -Level 'WARN'"
"SiteManagement\Sync-MetadataToCloud.ps1","6","    Write-Host ""Microsoft Places currently does not provide full Graph API write support for sites/buildings/floors.""","True","Write-Log -Message ""Microsoft Places currently does not provide full Graph API write support for sites/buildings/floors."" -Level 'INFO'"
"SiteManagement\Sync-MetadataToCloud.ps1","9","    Write-Host ""   https://learn.microsoft.com/en-us/microsoftplaces/"" -ForegroundColor Blue","True","Write-Log -Message ""https://learn.microsoft.com/en-us/microsoftplaces/"" -Level 'INFO'"
"TemplateManagement\Export-AllTemplates.ps1","14","        Write-Warning ""TenantConfig.json not found. Please run first-time setup.""","True","Write-Log -Message ""TenantConfig.json not found. Please run first-time setup."" -Level 'WARN'"
"TemplateManagement\Import-FromCSV.ps1","14","    Write-Warning ""❌ Imports folder does not exist.""","True","Write-Log -Message ""Imports folder does not exist."" -Level 'WARN'"
"TemplateManagement\Import-FromCSV.ps1","20","    Write-Warning ""❌ No CSV files found in .\Imports""","True","Write-Log -Message ""No CSV files found in .\Imports"" -Level 'WARN'"
"TemplateManagement\Import-FromCSV.ps1","33","        Write-Warning ""⚠️ CSV is empty.""","True","Write-Log -Message ""CSV is empty."" -Level 'WARN'"
"TemplateManagement\Import-FromCSV.ps1","37","    Write-Error ""❌ Failed to read CSV file: $_""","True","Write-Log -Message ""Failed to read CSV file: $_"" -Level 'ERROR'"
"TemplateManagement\Import-FromCSV.ps1","54","                Write-Host ""🔁 Updating site: $($row.SiteCode)""","True","Write-Log -Message ""Updating site: $($row.SiteCode)"" -Level 'INFO'"
"TemplateManagement\Import-FromCSV.ps1","57","                Write-Host ""➕ Adding site: $($row.SiteCode)""","True","Write-Log -Message ""Adding site: $($row.SiteCode)"" -Level 'INFO'"
"TemplateManagement\Import-FromCSV.ps1","155","        Write-Warning ""🚫 No import logic exists for: $filename""","True","Write-Log -Message ""No import logic exists for: $filename"" -Level 'WARN'"
"TemplateManagement\Import-MetadataFromCSV.ps1","7","        Write-Warning ""No export folder found.""","True","Write-Log -Message ""No export folder found."" -Level 'WARN'"
"TemplateManagement\Import-MetadataFromCSV.ps1","13","        Write-Warning ""No metadata template CSV files found.""","True","Write-Log -Message ""No metadata template CSV files found."" -Level 'WARN'"
"TemplateManagement\Import-MetadataFromCSV.ps1","24","            Write-Host ""✅ Imported Pathways from CSV.""","True","Write-Log -Message ""Imported Pathways from CSV."" -Level 'INFO'"
"TemplateManagement\Import-MetadataFromCSV.ps1","30","            Write-Host ""✅ Imported Desk Roles from CSV.""","True","Write-Log -Message ""Imported Desk Roles from CSV."" -Level 'INFO'"
"TemplateManagement\Import-MetadataFromCSV.ps1","34","            Write-Warning ""⚠️ Unsupported template format.""","True","Write-Log -Message ""Unsupported template format."" -Level 'WARN'"
"TemplateManagement\Validate-CSVImport.ps1","14","    Write-Warning ""No .\Imports folder found. Please place CSV files there first.""","True","Write-Log -Message ""No .\Imports folder found. Please place CSV files there first."" -Level 'WARN'"
"TemplateManagement\Validate-CSVImport.ps1","20","    Write-Warning ""No CSV files found in .\Imports.""","True","Write-Log -Message ""No CSV files found in .\Imports."" -Level 'WARN'"
"TemplateManagement\Validate-CSVImport.ps1","35","        Write-Warning ""CSV appears empty.""","True","Write-Log -Message ""CSV appears empty."" -Level 'WARN'"
"TemplateManagement\Validate-CSVImport.ps1","39","    Write-Warning ""❌ Failed to load CSV: $_""","True","Write-Log -Message ""Failed to load CSV: $_"" -Level 'WARN'"
"TemplateManagement\Validate-CSVImport.ps1","53","    Write-Warning ""⚠️ Unknown file type: $fileName. No validation map available.""","True","Write-Log -Message ""Unknown file type: $fileName. No validation map available."" -Level 'WARN'"
"TemplateManagement\Validate-CSVImport.ps1","65","    Write-Warning ""Missing expected fields: $($missing -join ', ')""","True","Write-Log -Message ""Missing expected fields: $($missing -join ', ')"" -Level 'WARN'"
"TemplateManagement\Validate-CSVImport.ps1","69","    Write-Warning ""Unexpected fields present: $($unexpected -join ', ')""","True","Write-Log -Message ""Unexpected fields present: $($unexpected -join ', ')"" -Level 'WARN'"
"TemplateManagement\Validate-CSVImport.ps1","98","        Write-Host ""...and $($invalidRows.Count - 10) more issues not shown""","True","Write-Log -Message ""and $($invalidRows.Count - 10) more issues not shown"" -Level 'INFO'"
"TestSuite\Cleanup-TestResources.ps1","6","    Write-Warning ""âš ï¸ Skipping resource sync: unable to authenticate with Exchange Online.""","True","Write-Log -Message ""Skipping resource sync: unable to authenticate with Exchange Online."" -Level 'WARN'"
"TestSuite\Cleanup-TestResources.ps1","15","        Write-Host ""Ã¢Å“â€¦ No test mailboxes found.""","True","Write-Log -Message ""No test mailboxes found."" -Level 'INFO'"
"TestSuite\Cleanup-TestResources.ps1","20","        Write-Host ""Ã°Å¸Â§Â¹ Removing test mailbox: $($mb.Alias)""","True","Write-Log -Message ""Removing test mailbox: $($mb.Alias)"" -Level 'INFO'"
"TestSuite\Cleanup-TestResources.ps1","32","    Write-Host ""Ã¢Å“â€¦ Cleanup complete.""","True","Write-Log -Message ""Cleanup complete."" -Level 'INFO'"
"TestSuite\Run-BookingSimulation.ps1","14","    Write-Warning ""âš ï¸ Skipping resource sync: unable to authenticate with Exchange Online.""","True","Write-Log -Message ""Skipping resource sync: unable to authenticate with Exchange Online."" -Level 'WARN'"
"TestSuite\Run-BookingSimulation.ps1","38","    Write-Host ""Ã¢Å“â€Ã¯Â¸Â Mailbox exists and is reachable."" -ForegroundColor Green","True","Write-Log -Message ""Mailbox exists and is reachable."" -Level 'INFO'"
"TestSuite\Run-BookingSimulation.ps1","45","        Write-Host ""Ã¢Å“â€Ã¯Â¸Â Calendar processing is set to AutoAccept."" -ForegroundColor Green","True","Write-Log -Message ""Calendar processing is set to AutoAccept."" -Level 'INFO'"
"TestSuite\Run-BookingSimulation.ps1","49","        Write-Warning ""Ã¢Å¡Â Ã¯Â¸Â Calendar processing is not AutoAccept: $($calendarSettings.AutomateProcessing)""","True","Write-Log -Message ""Calendar processing is not AutoAccept: $($calendarSettings.AutomateProcessing)"" -Level 'WARN'"
"TestSuite\Run-BookingSimulation.ps1","58","        Write-Host ""Ã¢Å“â€Ã¯Â¸Â Mail flow is working."" -ForegroundColor Green","True","Write-Log -Message ""Mail flow is working."" -Level 'INFO'"
"TestSuite\Run-BookingSimulation.ps1","62","        Write-Warning ""Ã¢ÂÅ’ Mail flow test failed: $($test.Message)""","True","Write-Log -Message ""Mail flow test failed: $($test.Message)"" -Level 'WARN'"
"TestSuite\Run-BookingSimulation.ps1","68","    Write-Warning ""Ã¢ÂÅ’ Simulation failed: $_""","True","Write-Log -Message ""Simulation failed: $_"" -Level 'WARN'"
"TestSuite\Run-TestSuite.ps1","6","    Write-Warning ""âš ï¸ Skipping resource sync: unable to authenticate with Exchange Online.""","True","Write-Log -Message ""Skipping resource sync: unable to authenticate with Exchange Online."" -Level 'WARN'"
"TestSuite\Run-TestSuite.ps1","18","    Write-Host ""Logging test results to: $logFile`n""","True","Write-Log -Message ""Logging test results to: $logFile`n"" -Level 'INFO'"
"TestSuite\Simulate-BookingTest.ps1","6","    Write-Warning ""âš ï¸ Skipping resource sync: unable to authenticate with Exchange Online.""","True","Write-Log -Message ""Skipping resource sync: unable to authenticate with Exchange Online."" -Level 'WARN'"
"TestSuite\Simulate-BookingTest.ps1","30","    Write-Host ""Ã°Å¸â€œâ€¦ Simulating booking for $upn...""","True","Write-Log -Message ""Simulating booking for $upn..."" -Level 'INFO'"
"TestSuite\Simulate-BookingTest.ps1","35","    Write-Host ""Ã¢Å“â€¦ Test booking sent."" -ForegroundColor Green","True","Write-Log -Message ""Test booking sent."" -Level 'INFO'"
"TestSuite\Simulate-BookingTest.ps1","37","    Write-Warning ""Ã¢ÂÅ’ Booking test failed: $_""","True","Write-Log -Message ""Booking test failed: $_"" -Level 'WARN'"
"TestSuite\Test-DeskProvisioning.ps1","6","    Write-Warning ""âš ï¸ Skipping resource sync: unable to authenticate with Exchange Online.""","True","Write-Log -Message ""Skipping resource sync: unable to authenticate with Exchange Online."" -Level 'WARN'"
"TestSuite\Test-DeskProvisioning.ps1","21","    Write-Host ""Ã°Å¸â€Â§ Creating test desk resource: $displayName""","True","Write-Log -Message ""Creating test desk resource: $displayName"" -Level 'INFO'"
"TestSuite\Test-DeskProvisioning.ps1","30","    Write-Host ""Ã¢Å“â€¦ Desk created and configured.""","True","Write-Log -Message ""Desk created and configured."" -Level 'INFO'"
"TestSuite\Test-MailboxSettings.ps1","6","    Write-Warning ""âš ï¸ Skipping resource sync: unable to authenticate with Exchange Online.""","True","Write-Log -Message ""Skipping resource sync: unable to authenticate with Exchange Online."" -Level 'WARN'"
"TestSuite\Test-MailboxSettings.ps1","17","        Write-Host ""Ã°Å¸â€Â $($mb.Alias) - AutoAccept: $($cp.AutomateProcessing)""","True","Write-Log -Message ""mb.Alias) - AutoAccept: $($cp.AutomateProcessing)"" -Level 'INFO'"
"TestSuite\Test-RoomProvisioning.ps1","6","    Write-Warning ""âš ï¸ Skipping resource sync: unable to authenticate with Exchange Online.""","True","Write-Log -Message ""Skipping resource sync: unable to authenticate with Exchange Online."" -Level 'WARN'"
"TestSuite\Test-RoomProvisioning.ps1","21","    Write-Host ""Ã°Å¸Ââ€”Ã¯Â¸Â Creating test room resource: $displayName""","True","Write-Log -Message ""Creating test room resource: $displayName"" -Level 'INFO'"
"Invoke-MainMenu.ps1","16","        Write-Warning ""This tool requires PowerShell 7 or higher.""","True","Write-Log -Message ""This tool requires PowerShell 7 or higher."" -Level 'WARN'"
"Invoke-MainMenu.ps1","18","            Write-Host ""Launching in PowerShell 7...""","True","Write-Log -Message ""Launching in PowerShell 7..."" -Level 'INFO'"
"Invoke-MainMenu.ps1","23","            Write-Host ""Please install PowerShell 7: https://learn.microsoft.com/powershell/scripting/install/installing-powershell""","True","Write-Log -Message ""Please install PowerShell 7: https://learn.microsoft.com/powershell/scripting/install/installing-powershell"" -Level 'INFO'"
"Invoke-MainMenu.ps1","38","            Write-Warning ""Required module '$mod' is missing.""","True","Write-Log -Message ""Required module '$mod' is missing."" -Level 'WARN'"
"Invoke-MainMenu.ps1","43","                    Write-Host ""Installed $mod successfully."" -ForegroundColor Green","True","Write-Log -Message ""Installed $mod successfully."" -Level 'INFO'"
"Invoke-MainMenu.ps1","46","                    Write-Error ""âŒ Failed to install ${mod}: $($_.Exception.Message)""","True","Write-Log -Message ""Failed to install ${mod}: $($_.Exception.Message)"" -Level 'ERROR'"
"Invoke-MainMenu.ps1","51","                Write-Error ""Cannot continue without $mod. Please install it manually.""","True","Write-Log -Message ""Cannot continue without $mod. Please install it manually."" -Level 'ERROR'"
"Invoke-MainMenu.ps1","101","            Write-Warning ""⚠️ Cached metadata is $daysOld days old.""","True","Write-Log -Message ""Cached metadata is $daysOld days old."" -Level 'WARN'"
"Invoke-MainMenu.ps1","122","            Write-Host ""🕒 Last metadata sync was just $minutesOld minutes ago.""","True","Write-Log -Message ""Last metadata sync was just $minutesOld minutes ago."" -Level 'INFO'"
"Invoke-MainMenu.ps1","133","                Write-Host ""⏩ Skipping sync and using recent cached data.""","True","Write-Log -Message ""Skipping sync and using recent cached data."" -Level 'INFO'"
"Invoke-MainMenu.ps1","138","        Write-Warning ""❌ No metadata sync file found. Performing initial sync...""","True","Write-Log -Message ""No metadata sync file found. Performing initial sync..."" -Level 'WARN'"
"Invoke-MainMenu.ps1","191","    Write-Host $_.Exception.Message -ForegroundColor Yellow","True","Write-Log -Message ""Exception.Message"" -Level 'WARN'"
"LogRefactor.ps1","177","            Write-Host (""  [$($line.LineNumber)] "" + $line.Original) -ForegroundColor Cyan","False",""
"LogRefactor.ps1","178","            Write-Host (""    Will be replaced with: "" + $line.Replacement) -ForegroundColor Green","False",""
"LogRefactor.ps1","187","                Write-Host ""Please enter y (yes), n (no), or x (exit)."" -ForegroundColor Yellow","False",""
"LogRefactor.ps1","232","            Write-Host ""Refactored and backed up: $($file.FullName)"" -ForegroundColor Green","False",""
"LogRefactor.ps1","235","            Write-Host ""Skipped: $($file.FullName)"" -ForegroundColor DarkGray","False",""
"LogRefactor.ps1","264","    Write-Host ""Backup archive: $zipPath"" -ForegroundColor White","False",""
"LogRefactor.ps1","265","    Write-Host ""Change log: $($zipPath -replace '\.zip$', '\ChangeLog.csv')"" -ForegroundColor White","False",""
