"File","LineNumber","Original","Approved","Replacement"
"CLI\Wizards\Manage-DeskPools.ps1","11","    Write-Warning ""No pools found.""","True","Write-Log -Message ""No pools found."" -Level 'WARN'"
"CLI\Wizards\Manage-DeskPools.ps1","42","            Write-Host ""🗑 Pool deleted."" -ForegroundColor Red","True","Write-Log -Message ""Pool deleted."" -Level 'ERROR'"
"CLI\Wizards\Manage-DeskPools.ps1","54","Write-Host ""✔️ Pool updated."" -ForegroundColor Green","True","Write-Log -Message ""Pool updated."" -Level 'INFO'"
"CLI\Wizards\Manage-ResourceWizard.ps1","18","    Write-Host ""âŒ Invalid resource type."" -ForegroundColor Red","True","Write-Log -Message ""Invalid resource type."" -Level 'ERROR'"
"CLI\Wizards\Manage-ResourceWizard.ps1","76","        Write-Host ""[$($i+1)] $($domains[$i])""","True","Write-Log -Message ""i+1)] $($domains[$i])"" -Level 'INFO'"
"CLI\Wizards\Manage-ResourceWizard.ps1","173","        Write-Host ""ðŸ›  Creating mailbox in Exchange...""","True","Write-Log -Message ""Creating mailbox in Exchange..."" -Level 'INFO'"
"CLI\Wizards\Manage-ResourceWizard.ps1","199","        Write-Host ""ðŸ¢ Microsoft Places configuration applied."" -ForegroundColor Green","True","Write-Log -Message ""Microsoft Places configuration applied."" -Level 'INFO'"
"CLI\Wizards\Manage-ResourceWizard.ps1","203","        Write-Warning ""âŒ Exchange provisioning failed: $_""","True","Write-Log -Message ""Exchange provisioning failed: $_"" -Level 'WARN'"
"CLI\Wizards\Manage-ResourceWizard.ps1","206","        Write-Host ""ðŸ’¾ Draft saved to $draftPath for retry.""","True","Write-Log -Message ""Draft saved to $draftPath for retry."" -Level 'INFO'"
"CLI\Wizards\Manage-ResourceWizard.ps1","231","                    Write-Host ""âœ… Simulation test passed for $alias@$domain"" -ForegroundColor Green","True","Write-Log -Message ""Simulation test passed for $alias@$domain"" -Level 'INFO'"
"CLI\Wizards\Manage-ResourceWizard.ps1","235","                    Write-Warning ""âš ï¸ Simulation ran but had issues. See log or review above.""","True","Write-Log -Message ""Simulation ran but had issues. See log or review above."" -Level 'WARN'"
"CLI\Wizards\Manage-ResourceWizard.ps1","241","                Write-Warning ""âŒ Simulation test failed: $_""","True","Write-Log -Message ""Simulation test failed: $_"" -Level 'WARN'"
"CLI\Wizards\Manage-ResourceWizard.ps1","250","    Write-Host ""âŒ Resource not provisioned in Exchange. Skipping simulation."" -ForegroundColor Yellow","True","Write-Log -Message ""Resource not provisioned in Exchange. Skipping simulation."" -Level 'WARN'"
"CLI\Wizards\Retry-DraftRunner.ps1","14","    Write-Host ""🎉 No draft resources found to recover."" -ForegroundColor Green","True","Write-Log -Message ""No draft resources found to recover."" -Level 'INFO'"
"CLI\Wizards\Retry-DraftRunner.ps1","46","    Write-Host ""📦 Retrying Exchange provisioning for: $($resource.DisplayName)"" -ForegroundColor Cyan","True","Write-Log -Message ""Retrying Exchange provisioning for: $($resource.DisplayName)"" -Level 'INFO'"
"CLI\Wizards\Retry-DraftRunner.ps1","51","        Write-Host ""⚠️ Mailbox already exists in Exchange. Skipping creation."" -ForegroundColor Yellow","True","Write-Log -Message ""Mailbox already exists in Exchange. Skipping creation."" -Level 'WARN'"
"CLI\Wizards\Retry-DraftRunner.ps1","81","    Write-Host ""✅ Retry successful. Updating metadata and cleaning up draft..."" -ForegroundColor Green","True","Write-Log -Message ""Retry successful. Updating metadata and cleaning up draft..."" -Level 'INFO'"
"CLI\Wizards\Retry-DraftRunner.ps1","95","    Write-Host ""🧹 Draft cleaned up.""","True","Write-Log -Message ""Draft cleaned up."" -Level 'INFO'"
"CLI\Wizards\Retry-DraftRunner.ps1","104","    Write-Warning ""❌ Retry failed: $_""","True","Write-Log -Message ""Retry failed: $_"" -Level 'WARN'"
"CLI\Wizards\Retry-DraftRunner.ps1","105","    Write-Host ""Draft preserved: $($selected.FullName)""","True","Write-Log -Message ""Draft preserved: $($selected.FullName)"" -Level 'INFO'"
"CLI\ConfigurationMenu.ps1","18","        Write-Host ""[1.1] Export All Templates""","False",""
"CLI\ConfigurationMenu.ps1","19","        Write-Host ""[1.2] Validate Templates""","False",""
"CLI\ConfigurationMenu.ps1","20","        Write-Host ""[1.3] Import Validated Templates""","False",""
"CLI\ConfigurationMenu.ps1","30","        Write-Host ""[2.1] Export Site/Building Templates""","False",""
"CLI\ConfigurationMenu.ps1","31","        Write-Host ""[2.2] Import Site/Building from CSV""","False",""
"CLI\ConfigurationMenu.ps1","32","        Write-Host ""[2.3] View Current Site/Building Structure""","False",""
"CLI\ConfigurationMenu.ps1","33","        Write-Host ""[2.4] Return to Previous Menu""","False",""
"CLI\ConfigurationMenu.ps1","46","        Write-Host ""âœ”ï¸ Cached metadata refreshed.""","False",""
"CLI\ConfigurationMenu.ps1","50","        Write-Host ""[4.1] Enable Microsoft Places Features""","False",""
"CLI\ConfigurationMenu.ps1","51","        Write-Host ""[4.2] Validate Microsoft Places Configuration""","False",""
"CLI\ConfigurationMenu.ps1","52","        Write-Host ""[4.3] Validate Exchange Resource Setup""","False",""
"CLI\ConfigurationMenu.ps1","53","        Write-Host ""[4.4] Update Mailbox Types in Bulk""","False",""
"CLI\ConfigurationMenu.ps1","54","        Write-Host ""[4.5] Ensure Calendar Processing Settings""","False",""
"CLI\ConfigurationMenu.ps1","55","        Write-Host ""[4.6] Pin Places App in Teams""","False",""
"CLI\ConfigurationMenu.ps1","68","    Write-Host ""[5.1] Create Configuration Backup (.zip)""","False",""
"CLI\ConfigurationMenu.ps1","69","    Write-Host ""[5.2] Restore Configuration from Backup""","False",""
"CLI\ConfigurationMenu.ps1","70","    Write-Host ""[5.3] Return to Previous Menu""","False",""
"CLI\ConfigurationMenu.ps1","83","Write-Host ""     [6.1] Export All Templates (CSV)""","False",""
"CLI\ConfigurationMenu.ps1","84","Write-Host ""     [6.2] Create Backup Archive (ZIP)""","False",""
"CLI\ConfigurationMenu.ps1","85","Write-Host ""     [6.3] Restore from Backup Archive""","False",""
"CLI\ConfigurationMenu.ps1","86","Write-Host ""     [6.4] Return to Previous Menu""","False",""
"CLI\ConfigurationMenu.ps1","100","        Write-Host ""Invalid option."""" -ForegroundColor Yellow","False",""
