"File","LineNumber","Original","Approved","Replacement"
"CLI\Show-ActionHistory.ps1","20","    Write-Host ""• $_"" -ForegroundColor Gray","False",""
"CLI\Show-ActionHistory.ps1","23","  Write-Host ""╚════════════════════════════════════╝`n"" -ForegroundColor DarkGray","False",""
"Configuration\Restore-ConfigBackup.ps1","8","        Write-Warning ""âŒ No backup archives found in .\Backups""","True","Write-Log -Message ""No backup archives found in .\Backups"" -Level 'WARN'"
"Configuration\Restore-ConfigBackup.ps1","16","        Write-Warning ""âš ï¸ Out-GridView unavailable. Using most recent backup: $($file.Name)""","True","Write-Log -Message ""Out-GridView unavailable. Using most recent backup: $($file.Name)"" -Level 'WARN'"
"Configuration\Restore-ConfigBackup.ps1","49","        Write-Warning ""`nâŒ The following required files were missing from the archive:""","True","Write-Log -Message ""nâŒ The following required files were missing from the archive:"" -Level 'WARN'"
"Configuration\Restore-ConfigBackup.ps1","60","            Write-Warning ""âŒ Invalid JSON in $filePath""","True","Write-Log -Message ""Invalid JSON in $filePath"" -Level 'WARN'"
"Configuration\Restore-ConfigBackup.ps1","85","        Write-Warning ""âŒ Restore cancelled by user.""","True","Write-Log -Message ""Restore cancelled by user."" -Level 'WARN'"
"Configuration\Restore-ConfigBackup.ps1","98","        Write-Warning ""âš ï¸ Could not delete temp folder: $restoreFolder""","True","Write-Log -Message ""Could not delete temp folder: $restoreFolder"" -Level 'WARN'"
"SiteManagement\List-SiteStructure.ps1","13","            Write-Host ""  🏢 Building: $($b.BuildingCode) - $($b.BuildingName)"" -ForegroundColor Yellow","False",""
"SiteManagement\List-SiteStructure.ps1","15","                Write-Host ""    ▸ Floor $($floor.FloorNumber): $($floor.FloorName)"" -ForegroundColor Gray","False",""
